{
  "total_pairs": 18,
  "easy_pairs": 13,
  "hard_pairs": 5,
  "avg_preferred_tokens": 7.055555555555555,
  "avg_rejected_tokens": 28.944444444444443,
  "preferred_by_complexity": {
    "0": 4.0,
    "1": 15.0
  }
}